,car,sky,building,family car,town,neighbourhood,landmark,city,vehicle,architecture,street,house,residential area,road,town square,facade,plaza,sedan,metropolis,palace,luxury vehicle,downtown,compact car,minivan,executive car,tours,mid size car,window,urban area,daytime,tree,suburb,evening,roof,cloud,estate,target,metropolitan area,blue,volvo cars,city car,subcompact car,classical architecture,transport,property,motor vehicle,parking lot,toyota,land vehicle,sport utility vehicle,bmw,traffic,infrastructure,automotive design,lane,parking,mixed use,pedestrian,cityscape,marketplace,market,home,real estate,mode of transport,recreation,public space,tourism,road surface,place of worship,church,cathedral,medieval architecture,basilica,listed building,baptistery,arch,tourist attraction,ancient rome,ancient roman architecture,synagogue,triumphal arch,history,historic site,ancient history
1,0.9836879968643188,0.9580075740814209,0.9324894547462463,0.9081254601478577,0.9066464900970459,0.8960856199264526,0.8932535648345947,0.845955491065979,0.8319797515869141,0.8047217726707458,0.7933001518249512,0.7927242517471313,0.7570937275886536,0.7226481437683105,0.6617788672447205,0.6524514555931091,0.6508825421333313,0.6398962736129761,0.6362789273262024,0.6054092049598694,0.5993671417236328,0.5863902568817139,0.5666196942329407,0.5619087219238281,0.5560148358345032,0.545161247253418,0.5442039370536804,0.512687087059021,0.0,0.0,0.0,0.0,0.0,0.0,0.0,0.0,palais_justice,0.0,0.0,0.0,0.0,0.0,0.0,0.0,0.0,0.0,0.0,0.0,0.0,0.0,0.0,0.0,0.0,0.0,0.0,0.0,0.0,0.0,0.0,0.0,0.0,0.0,0.0,0.0,0.0,0.0,0.0,0.0,0.0,0.0,0.0,0.0,0.0,0.0,0.0,0.0,0.0,0.0,0.0,0.0,0.0,0.0,0.0,0.0
2,0.9613115191459656,0.9795812368392944,0.924616813659668,0.5518991947174072,0.9344554543495178,0.7994561195373535,0.9087187051773071,0.9123223423957825,0.672197699546814,0.0,0.6584804058074951,0.6913623213768005,0.6882511377334595,0.0,0.8589377403259277,0.6521479487419128,0.7598468065261841,0.0,0.7383270859718323,0.5642445087432861,0.0,0.6029195189476013,0.0,0.0,0.0,0.5349283218383789,0.0,0.0,0.8101920485496521,0.7254641056060791,0.5438377857208252,0.0,0.0,0.0,0.0,0.0,palais_justice,0.0,0.0,0.0,0.0,0.0,0.0,0.0,0.0,0.0,0.0,0.0,0.0,0.0,0.0,0.0,0.0,0.0,0.0,0.0,0.0,0.0,0.0,0.0,0.0,0.0,0.0,0.0,0.0,0.0,0.0,0.0,0.0,0.0,0.0,0.0,0.0,0.0,0.0,0.0,0.0,0.0,0.0,0.0,0.0,0.0,0.0,0.0
3,0.984792172908783,0.9795177578926086,0.8929729461669922,0.887916088104248,0.9221447110176086,0.814418375492096,0.0,0.88692307472229,0.7874512076377869,0.0,0.6929349899291992,0.7662770748138428,0.8004337549209595,0.5989844799041748,0.5856887698173523,0.6012133955955505,0.5535179376602173,0.6532579660415649,0.0,0.0,0.5830608010292053,0.628702700138092,0.553570568561554,0.5302476286888123,0.0,0.0,0.0,0.5142883658409119,0.0,0.6996350884437561,0.5838053226470947,0.5639337301254272,0.5365471839904785,0.5360831618309021,0.5298469066619873,0.0,palais_justice,0.0,0.0,0.0,0.0,0.0,0.0,0.0,0.0,0.0,0.0,0.0,0.0,0.0,0.0,0.0,0.0,0.0,0.0,0.0,0.0,0.0,0.0,0.0,0.0,0.0,0.0,0.0,0.0,0.0,0.0,0.0,0.0,0.0,0.0,0.0,0.0,0.0,0.0,0.0,0.0,0.0,0.0,0.0,0.0,0.0,0.0,0.0
4,0.9826003313064575,0.9642316699028015,0.9046519994735718,0.841221272945404,0.9244928359985352,0.76603102684021,0.9205567836761475,0.8999011516571045,0.7686000466346741,0.0,0.7266969084739685,0.6250219941139221,0.0,0.5545819997787476,0.9034680724143982,0.6643130779266357,0.8442402482032776,0.6620513200759888,0.6933291554450989,0.7337152361869812,0.0,0.6433864235877991,0.5399653911590576,0.0,0.0,0.5733863711357117,0.596674919128418,0.0,0.0,0.0,0.5548019409179688,0.0,0.0,0.0,0.0,0.541552722454071,palais_justice,0.0,0.0,0.0,0.0,0.0,0.0,0.0,0.0,0.0,0.0,0.0,0.0,0.0,0.0,0.0,0.0,0.0,0.0,0.0,0.0,0.0,0.0,0.0,0.0,0.0,0.0,0.0,0.0,0.0,0.0,0.0,0.0,0.0,0.0,0.0,0.0,0.0,0.0,0.0,0.0,0.0,0.0,0.0,0.0,0.0,0.0,0.0
5,0.9517672061920166,0.9722002744674683,0.90364009141922,0.787519633769989,0.9251163601875305,0.8380277752876282,0.901909589767456,0.8852257132530212,0.0,0.0,0.6209641098976135,0.7182064056396484,0.7274409532546997,0.0,0.8941584825515747,0.6602470874786377,0.839452862739563,0.6198787689208984,0.6489340662956238,0.6922782063484192,0.0,0.6114983558654785,0.0,0.0,0.0,0.5367589592933655,0.5227503180503845,0.5331555604934692,0.0,0.7067025303840637,0.550990104675293,0.0,0.0,0.0,0.0,0.6120482087135315,palais_justice,0.0,0.0,0.0,0.0,0.0,0.0,0.0,0.0,0.0,0.0,0.0,0.0,0.0,0.0,0.0,0.0,0.0,0.0,0.0,0.0,0.0,0.0,0.0,0.0,0.0,0.0,0.0,0.0,0.0,0.0,0.0,0.0,0.0,0.0,0.0,0.0,0.0,0.0,0.0,0.0,0.0,0.0,0.0,0.0,0.0,0.0,0.0
6,0.9024659395217896,0.9737557172775269,0.9175146222114563,0.0,0.921608567237854,0.7184690833091736,0.9276645183563232,0.9283014535903931,0.0,0.0,0.6536242961883545,0.6423138976097107,0.0,0.0,0.8542574644088745,0.637247622013092,0.8695825934410095,0.0,0.7638627290725708,0.7283921241760254,0.0,0.6136287450790405,0.0,0.0,0.0,0.5235189199447632,0.0,0.0,0.0,0.7184897661209106,0.5160381197929382,0.0,0.0,0.0,0.0,0.0,palais_justice,0.6262710690498352,0.0,0.0,0.0,0.0,0.0,0.0,0.0,0.0,0.0,0.0,0.0,0.0,0.0,0.0,0.0,0.0,0.0,0.0,0.0,0.0,0.0,0.0,0.0,0.0,0.0,0.0,0.0,0.0,0.0,0.0,0.0,0.0,0.0,0.0,0.0,0.0,0.0,0.0,0.0,0.0,0.0,0.0,0.0,0.0,0.0,0.0
7,0.9800687432289124,0.9824952483177185,0.895505964756012,0.673992931842804,0.9410621523857117,0.8016107082366943,0.0,0.8928780555725098,0.753749668598175,0.795563280582428,0.6726453900337219,0.7557949423789978,0.6969411969184875,0.5402336716651917,0.7053413391113281,0.6321502327919006,0.673146665096283,0.5543628334999084,0.5691606402397156,0.0,0.0,0.6175819039344788,0.5034027099609375,0.0,0.0,0.0,0.0,0.0,0.0,0.0,0.6165427565574646,0.0,0.5529201030731201,0.577139675617218,0.5114204287528992,0.0,palais_justice,0.0,0.9681824445724487,0.0,0.0,0.0,0.0,0.0,0.0,0.0,0.0,0.0,0.0,0.0,0.0,0.0,0.0,0.0,0.0,0.0,0.0,0.0,0.0,0.0,0.0,0.0,0.0,0.0,0.0,0.0,0.0,0.0,0.0,0.0,0.0,0.0,0.0,0.0,0.0,0.0,0.0,0.0,0.0,0.0,0.0,0.0,0.0,0.0
8,0.9853703379631042,0.9670280814170837,0.8837500214576721,0.9105935096740723,0.8937695026397705,0.6893628835678101,0.9035272598266602,0.8715528845787048,0.8537580966949463,0.0,0.681719958782196,0.6911336779594421,0.0,0.0,0.8370233774185181,0.646905779838562,0.7931854724884033,0.6981985569000244,0.6310564875602722,0.6012029051780701,0.7856696844100952,0.5833647847175598,0.5901408791542053,0.5871272087097168,0.6060023903846741,0.5550047159194946,0.7662362456321716,0.0,0.0,0.68813157081604,0.0,0.0,0.0,0.0,0.0,0.0,palais_justice,0.0,0.0,0.655013382434845,0.6459092497825623,0.5333457589149475,0.0,0.0,0.0,0.0,0.0,0.0,0.0,0.0,0.0,0.0,0.0,0.0,0.0,0.0,0.0,0.0,0.0,0.0,0.0,0.0,0.0,0.0,0.0,0.0,0.0,0.0,0.0,0.0,0.0,0.0,0.0,0.0,0.0,0.0,0.0,0.0,0.0,0.0,0.0,0.0,0.0,0.0
9,0.9826722145080566,0.978244423866272,0.887054443359375,0.8559263348579407,0.9311152100563049,0.8029704093933105,0.0,0.9115040302276611,0.7735387086868286,0.0,0.7158039808273315,0.6715939044952393,0.6832097172737122,0.5278449058532715,0.8638098835945129,0.6398561000823975,0.831659734249115,0.6310794353485107,0.6349912881851196,0.6137441992759705,0.0,0.658500611782074,0.5384963154792786,0.0,0.0,0.5260616540908813,0.5990709066390991,0.0,0.0,0.0,0.5640667676925659,0.0,0.0,0.0,0.0,0.0,palais_justice,0.0,0.0,0.0,0.0,0.0,0.0,0.0,0.0,0.0,0.0,0.0,0.0,0.0,0.0,0.0,0.0,0.0,0.0,0.0,0.0,0.0,0.0,0.0,0.0,0.0,0.0,0.0,0.0,0.0,0.0,0.0,0.0,0.0,0.0,0.0,0.0,0.0,0.0,0.0,0.0,0.0,0.0,0.0,0.0,0.0,0.0,0.0
10,0.9767582416534424,0.9223154187202454,0.9518166184425354,0.6564972400665283,0.8626879453659058,0.825082004070282,0.9322575926780701,0.8061369061470032,0.7227048873901367,0.8110182881355286,0.6766794919967651,0.7041950821876526,0.0,0.5520877838134766,0.6360434889793396,0.6760967373847961,0.7033648490905762,0.5440970063209534,0.722775936126709,0.55996173620224,0.0,0.6228958964347839,0.0,0.0,0.0,0.516414225101471,0.0,0.5122902989387512,0.0,0.0,0.0,0.0,0.0,0.0,0.0,0.0,palais_justice,0.713219165802002,0.0,0.0,0.0,0.0,0.5632200241088867,0.0,0.0,0.0,0.0,0.0,0.0,0.0,0.0,0.0,0.0,0.0,0.0,0.0,0.0,0.0,0.0,0.0,0.0,0.0,0.0,0.0,0.0,0.0,0.0,0.0,0.0,0.0,0.0,0.0,0.0,0.0,0.0,0.0,0.0,0.0,0.0,0.0,0.0,0.0,0.0,0.0
11,0.9787584543228149,0.9627999663352966,0.869348406791687,0.870026171207428,0.9266337752342224,0.7991634011268616,0.0,0.9084548354148865,0.7213772535324097,0.0,0.654865026473999,0.6976933479309082,0.7034797072410583,0.0,0.8819068074226379,0.6248390078544617,0.860683798789978,0.6843704581260681,0.6658279895782471,0.6849237084388733,0.7051295638084412,0.6548141241073608,0.5391895174980164,0.0,0.0,0.5753998756408691,0.621461033821106,0.0,0.0,0.0,0.0,0.0,0.0,0.0,0.0,0.543495774269104,palais_justice,0.5856560468673706,0.0,0.0,0.0,0.0,0.0,0.8202253580093384,0.0,0.0,0.0,0.0,0.0,0.0,0.0,0.0,0.0,0.0,0.0,0.0,0.0,0.0,0.0,0.0,0.0,0.0,0.0,0.0,0.0,0.0,0.0,0.0,0.0,0.0,0.0,0.0,0.0,0.0,0.0,0.0,0.0,0.0,0.0,0.0,0.0,0.0,0.0,0.0
12,0.9859098792076111,0.9787958860397339,0.8743599653244019,0.9114345908164978,0.9141396284103394,0.7566046714782715,0.0,0.8330647349357605,0.8690764904022217,0.0,0.6819939613342285,0.729814887046814,0.0,0.6205436587333679,0.5283874869346619,0.6032611727714539,0.5832319259643555,0.659591555595398,0.0,0.0,0.6626072525978088,0.5776107907295227,0.5682686567306519,0.0,0.5166991353034973,0.0,0.5242012739181519,0.0,0.0,0.0,0.511038064956665,0.0,0.0,0.5704048275947571,0.5254049301147461,0.0,palais_justice,0.0,0.0,0.0,0.5319867730140686,0.0,0.0,0.0,0.0,0.0,0.0,0.0,0.0,0.0,0.0,0.0,0.0,0.0,0.0,0.0,0.0,0.0,0.0,0.0,0.0,0.0,0.0,0.0,0.0,0.0,0.0,0.0,0.0,0.0,0.0,0.0,0.0,0.0,0.0,0.0,0.0,0.0,0.0,0.0,0.0,0.0,0.0,0.0
13,0.9803444147109985,0.9657761454582214,0.8728653192520142,0.873492419719696,0.9260793924331665,0.7385331392288208,0.8956244587898254,0.8934156894683838,0.7680424451828003,0.0,0.6745715737342834,0.5652830004692078,0.0,0.0,0.8720104098320007,0.6385486721992493,0.8471600413322449,0.6393375396728516,0.657607913017273,0.646969199180603,0.5564837455749512,0.6662126779556274,0.5456755757331848,0.0,0.5172019600868225,0.5779173374176025,0.6664154529571533,0.0,0.0,0.0,0.561769425868988,0.0,0.0,0.0,0.0,0.0,palais_justice,0.0,0.0,0.0,0.0,0.0,0.0,0.0,0.0,0.0,0.0,0.0,0.0,0.0,0.0,0.0,0.0,0.0,0.0,0.0,0.0,0.0,0.0,0.0,0.0,0.0,0.0,0.0,0.0,0.0,0.0,0.0,0.0,0.0,0.0,0.0,0.0,0.0,0.0,0.0,0.0,0.0,0.0,0.0,0.0,0.0,0.0,0.0
14,0.9856148958206177,0.9669021964073181,0.8621281981468201,0.9462220072746277,0.9161195158958435,0.7850433588027954,0.0,0.7833455204963684,0.8667853474617004,0.0,0.5966167449951172,0.7329819202423096,0.8086973428726196,0.5655503273010254,0.6444117426872253,0.6474800705909729,0.6737575531005859,0.7137845158576965,0.0,0.0,0.8822686672210693,0.5995463728904724,0.578965961933136,0.0,0.6100063920021057,0.0,0.6709996461868286,0.5337010025978088,0.0,0.0,0.0,0.6034470200538635,0.0,0.6086000204086304,0.0,0.0,palais_justice,0.0,0.0,0.6041042804718018,0.5773367881774902,0.0,0.0,0.0,0.8764355182647705,0.8390283584594727,0.5765073299407959,0.5654047727584839,0.0,0.0,0.0,0.0,0.0,0.0,0.0,0.0,0.0,0.0,0.0,0.0,0.0,0.0,0.0,0.0,0.0,0.0,0.0,0.0,0.0,0.0,0.0,0.0,0.0,0.0,0.0,0.0,0.0,0.0,0.0,0.0,0.0,0.0,0.0,0.0
15,0.9849490523338318,0.9678965210914612,0.8696922063827515,0.8591641187667847,0.9083834290504456,0.0,0.8871023654937744,0.8411743640899658,0.8377220630645752,0.0,0.6838644742965698,0.7064355611801147,0.0,0.5039977431297302,0.8335293531417847,0.6292180418968201,0.7203739881515503,0.6507934927940369,0.5716655254364014,0.5499994158744812,0.6353505253791809,0.0,0.5826655626296997,0.0,0.0,0.5707308650016785,0.6959779858589172,0.0,0.0,0.0,0.5358251929283142,0.0,0.5078432559967041,0.0,0.0,0.0,palais_justice,0.0,0.0,0.6789845824241638,0.5954113602638245,0.0,0.0,0.0,0.0,0.0,0.0,0.0,0.0,0.0,0.0,0.0,0.0,0.0,0.0,0.0,0.0,0.0,0.0,0.0,0.0,0.0,0.0,0.0,0.0,0.0,0.0,0.0,0.0,0.0,0.0,0.0,0.0,0.0,0.0,0.0,0.0,0.0,0.0,0.0,0.0,0.0,0.0,0.0
16,0.9850143790245056,0.9751349687576294,0.8761759996414185,0.9313666224479675,0.9046170711517334,0.6892614364624023,0.8943314552307129,0.8659472465515137,0.8766015768051147,0.0,0.7113107442855835,0.7411467432975769,0.0,0.6640241742134094,0.8278310298919678,0.6172518730163574,0.6570344567298889,0.6788359880447388,0.638224184513092,0.5071521997451782,0.830814778804779,0.0,0.6324829459190369,0.0,0.5309170484542847,0.5392630100250244,0.749837338924408,0.0,0.7971535921096802,0.6879882216453552,0.0,0.0,0.0,0.0,0.0,0.0,palais_justice,0.0,0.0,0.6687156558036804,0.6448307037353516,0.5262442827224731,0.0,0.0,0.0,0.0,0.0,0.0,0.9680774211883545,0.5361859798431396,0.0,0.0,0.0,0.0,0.0,0.0,0.0,0.0,0.0,0.0,0.0,0.0,0.0,0.0,0.0,0.0,0.0,0.0,0.0,0.0,0.0,0.0,0.0,0.0,0.0,0.0,0.0,0.0,0.0,0.0,0.0,0.0,0.0,0.0
17,0.9859874248504639,0.9561258554458618,0.8756985068321228,0.900104284286499,0.8970328569412231,0.6980922222137451,0.0,0.8560089468955994,0.8855359554290771,0.0,0.7771387696266174,0.6443024277687073,0.0,0.6268951296806335,0.8031147122383118,0.6466663479804993,0.6193999648094177,0.7077942490577698,0.653012752532959,0.0,0.8976974487304688,0.615394651889801,0.6280549764633179,0.0,0.5791060328483582,0.503078043460846,0.798022985458374,0.0,0.0,0.0,0.5066214203834534,0.0,0.5200234651565552,0.0,0.0,0.0,palais_justice,0.0,0.0,0.6557996869087219,0.6453099846839905,0.6084561944007874,0.0,0.0,0.0,0.8364855647087097,0.5791613459587097,0.0,0.0,0.5146328806877136,0.0,0.0,0.0,0.0,0.0,0.0,0.0,0.0,0.0,0.0,0.0,0.0,0.0,0.0,0.0,0.0,0.0,0.0,0.0,0.0,0.0,0.0,0.0,0.0,0.0,0.0,0.0,0.0,0.0,0.0,0.0,0.0,0.0,0.0
18,0.9858962893486023,0.9584171175956726,0.8591371774673462,0.945042610168457,0.9248729944229126,0.7624937891960144,0.0,0.8619373440742493,0.8334582448005676,0.0,0.7666606307029724,0.7714337110519409,0.6939685940742493,0.6817982196807861,0.8347019553184509,0.6423787474632263,0.7312777638435364,0.7061133980751038,0.5722904801368713,0.631910502910614,0.8516308665275574,0.0,0.6055595874786377,0.5364775657653809,0.5766277313232422,0.5696284174919128,0.7770844101905823,0.0,0.0,0.0,0.5221149325370789,0.0,0.0,0.0,0.0,0.5726748704910278,palais_justice,0.0,0.0,0.6552221775054932,0.5963445901870728,0.5549159049987793,0.0,0.8190233111381531,0.0,0.0,0.0,0.0,0.0,0.0,0.0,0.0,0.0,0.0,0.0,0.0,0.0,0.0,0.0,0.0,0.0,0.0,0.0,0.0,0.0,0.0,0.0,0.0,0.0,0.0,0.0,0.0,0.0,0.0,0.0,0.0,0.0,0.0,0.0,0.0,0.0,0.0,0.0,0.0
19,0.9862295389175415,0.9549511671066284,0.8513573408126831,0.9406858682632446,0.9170280694961548,0.7408877015113831,0.0,0.8812426328659058,0.8699638247489929,0.0,0.7666552662849426,0.7448470592498779,0.0,0.6817256808280945,0.8629324436187744,0.6245785355567932,0.7755138278007507,0.7180578708648682,0.5924712419509888,0.6258341670036316,0.8653568625450134,0.5956487059593201,0.6237315535545349,0.0,0.6199892163276672,0.5701693892478943,0.7676607370376587,0.0,0.0,0.0,0.0,0.0,0.0,0.0,0.0,0.0,palais_justice,0.0,0.0,0.6576089262962341,0.6206690073013306,0.5824743509292603,0.0,0.8909504413604736,0.0,0.0,0.5259160995483398,0.5411115288734436,0.0,0.543708324432373,0.0,0.0,0.0,0.0,0.0,0.0,0.0,0.0,0.0,0.0,0.0,0.0,0.0,0.0,0.0,0.0,0.0,0.0,0.0,0.0,0.0,0.0,0.0,0.0,0.0,0.0,0.0,0.0,0.0,0.0,0.0,0.0,0.0,0.0
20,0.9858303070068359,0.9549007415771484,0.8921375274658203,0.9246224761009216,0.9183763861656189,0.0,0.8992577195167542,0.918571949005127,0.8836655020713806,0.0,0.8182885050773621,0.7078462243080139,0.6757400631904602,0.8044045567512512,0.7520385980606079,0.6347817182540894,0.7331269383430481,0.6955918669700623,0.656084418296814,0.0,0.8355178236961365,0.6227957606315613,0.6262101531028748,0.0,0.6623286604881287,0.0,0.7879497408866882,0.0,0.81895512342453,0.0,0.0,0.0,0.0,0.0,0.0,0.0,palais_justice,0.0,0.0,0.6439383029937744,0.0,0.0,0.0,0.8803206086158752,0.0,0.8622311949729919,0.0,0.0,0.9654629230499268,0.6164425015449524,0.6743749380111694,0.6063438057899475,0.0,0.0,0.0,0.0,0.0,0.0,0.0,0.0,0.0,0.0,0.0,0.0,0.0,0.0,0.0,0.0,0.0,0.0,0.0,0.0,0.0,0.0,0.0,0.0,0.0,0.0,0.0,0.0,0.0,0.0,0.0,0.0
21,0.9856808185577393,0.966884195804596,0.9117175340652466,0.9326635003089905,0.9030169248580933,0.7383758425712585,0.8888145685195923,0.9212871193885803,0.8791807293891907,0.0,0.8582965135574341,0.7409417033195496,0.0,0.8829479813575745,0.7342798113822937,0.631808340549469,0.6836270093917847,0.6883015632629395,0.6164844036102295,0.0,0.867164671421051,0.6360222101211548,0.6269867420196533,0.0,0.6646775603294373,0.0,0.7553596496582031,0.0,0.8424144387245178,0.0,0.0,0.0,0.0,0.0,0.0,0.0,palais_justice,0.0,0.0,0.6222526431083679,0.0,0.0,0.0,0.8611005544662476,0.0,0.0,0.0,0.0,0.9600537419319153,0.7450166344642639,0.5740970373153687,0.5766672492027283,0.8689269423484802,0.0,0.0,0.0,0.0,0.0,0.0,0.0,0.0,0.0,0.0,0.0,0.0,0.0,0.0,0.0,0.0,0.0,0.0,0.0,0.0,0.0,0.0,0.0,0.0,0.0,0.0,0.0,0.0,0.0,0.0,0.0
22,0.9865005612373352,0.8292189240455627,0.8710678219795227,0.8660752773284912,0.0,0.0,0.0,0.8361266255378723,0.9120953679084778,0.0,0.8825677633285522,0.6598103642463684,0.0,0.8487496972084045,0.0,0.5845543146133423,0.0,0.6965143084526062,0.0,0.0,0.9038004279136658,0.6306214332580566,0.5894452929496765,0.573038637638092,0.6123088002204895,0.0,0.6653428077697754,0.0,0.8343343138694763,0.0,0.0,0.0,0.0,0.0,0.0,0.0,palais_justice,0.0,0.0,0.626666247844696,0.679776132106781,0.0,0.0,0.8330145478248596,0.0,0.9325371384620667,0.0,0.0,0.9815070033073425,0.7041198015213013,0.0,0.0,0.8659344911575317,0.7817896008491516,0.5674595236778259,0.0,0.0,0.0,0.0,0.0,0.0,0.0,0.0,0.0,0.0,0.0,0.0,0.0,0.0,0.0,0.0,0.0,0.0,0.0,0.0,0.0,0.0,0.0,0.0,0.0,0.0,0.0,0.0,0.0
23,0.9864059090614319,0.8802911043167114,0.9041805863380432,0.8917999863624573,0.8680752515792847,0.8136040568351746,0.0,0.8045515418052673,0.880646288394928,0.8005199432373047,0.8300286531448364,0.667340874671936,0.0,0.741013765335083,0.0,0.6655058264732361,0.0,0.6949856877326965,0.0,0.0,0.9292178750038147,0.571161150932312,0.580664336681366,0.5699717402458191,0.6264219284057617,0.0,0.6362098455429077,0.0,0.7980977296829224,0.0,0.0,0.0,0.0,0.0,0.0,0.0,palais_justice,0.6638110876083374,0.0,0.6160991191864014,0.6709519028663635,0.0,0.0,0.0,0.0,0.9320189952850342,0.6838610172271729,0.0,0.9753895401954651,0.6752853393554688,0.0,0.0,0.0,0.0,0.6326640844345093,0.5875394344329834,0.0,0.0,0.0,0.0,0.0,0.0,0.0,0.0,0.0,0.0,0.0,0.0,0.0,0.0,0.0,0.0,0.0,0.0,0.0,0.0,0.0,0.0,0.0,0.0,0.0,0.0,0.0,0.0
24,0.9861176013946533,0.8893905878067017,0.9317246079444885,0.8810855150222778,0.8619601726531982,0.8342466950416565,0.9079247117042542,0.7703486680984497,0.8481934070587158,0.8035488128662109,0.7960849404335022,0.6730924248695374,0.6690138578414917,0.674755334854126,0.613665759563446,0.6774338483810425,0.5630573630332947,0.6916537880897522,0.5958137512207031,0.0,0.8640680909156799,0.0,0.5732442736625671,0.0,0.5642237663269043,0.0,0.5973762273788452,0.5701292753219604,0.0,0.0,0.0,0.0,0.0,0.0,0.0,0.0,palais_justice,0.6014688611030579,0.0,0.0,0.6051889061927795,0.0,0.0,0.0,0.0,0.889710545539856,0.5592606663703918,0.0,0.9691216349601746,0.6338775157928467,0.0,0.0,0.0,0.0,0.0,0.0,0.0,0.0,0.0,0.0,0.0,0.0,0.0,0.0,0.0,0.0,0.0,0.0,0.0,0.0,0.0,0.0,0.0,0.0,0.0,0.0,0.0,0.0,0.0,0.0,0.0,0.0,0.0,0.0
25,0.9615830183029175,0.951010525226593,0.8383224010467529,0.0,0.9466985464096069,0.9334500432014465,0.8859635591506958,0.9504530429840088,0.6657357215881348,0.0,0.9043694138526917,0.6890625953674316,0.7983796000480652,0.8664690256118774,0.631631076335907,0.5696345567703247,0.6118981838226318,0.0,0.8339868783950806,0.0,0.0,0.8981078863143921,0.0,0.0,0.0,0.0,0.0,0.0,0.9460909962654114,0.8057728409767151,0.5911092758178711,0.0,0.5467783212661743,0.0,0.0,0.0,place_ange,0.9294315576553345,0.0,0.0,0.0,0.0,0.0,0.8951221108436584,0.0,0.0,0.0,0.0,0.9706044793128967,0.0,0.0,0.582547664642334,0.0,0.0,0.9238978624343872,0.0,0.8426174521446228,0.6601207852363586,0.518326997756958,0.0,0.0,0.0,0.0,0.0,0.0,0.0,0.0,0.0,0.0,0.0,0.0,0.0,0.0,0.0,0.0,0.0,0.0,0.0,0.0,0.0,0.0,0.0,0.0,0.0
26,0.7875459790229797,0.9182513952255249,0.8134059309959412,0.0,0.959825873374939,0.9457089900970459,0.9077481627464294,0.9550279974937439,0.0,0.0,0.9148284196853638,0.7003586292266846,0.8337796330451965,0.8336945176124573,0.9051531553268433,0.6318671107292175,0.8240871429443359,0.0,0.8700574040412903,0.0,0.0,0.8811436891555786,0.0,0.0,0.0,0.0,0.0,0.0,0.9112410545349121,0.0,0.0,0.5707890391349792,0.6402868032455444,0.0,0.0,0.0,place_ange,0.8573810458183289,0.0,0.0,0.0,0.0,0.0,0.0,0.0,0.0,0.0,0.0,0.0,0.0,0.0,0.0,0.0,0.0,0.7481260299682617,0.0,0.8613506555557251,0.6486011147499084,0.0,0.0,0.0,0.0,0.0,0.0,0.0,0.0,0.0,0.0,0.0,0.0,0.0,0.0,0.0,0.0,0.0,0.0,0.0,0.0,0.0,0.0,0.0,0.0,0.0,0.0
27,0.6920790672302246,0.9282258749008179,0.8228062987327576,0.0,0.96462082862854,0.9398446083068848,0.8940228223800659,0.9523317217826843,0.0,0.0,0.9109167456626892,0.8114169836044312,0.796149730682373,0.8042958378791809,0.8627161979675293,0.6247294545173645,0.7508909702301025,0.0,0.789808988571167,0.0,0.0,0.8775882720947266,0.0,0.0,0.0,0.0,0.0,0.0,0.8984201550483704,0.0,0.0,0.5263755321502686,0.6155454516410828,0.0,0.0,0.0,place_ange,0.6991730332374573,0.0,0.0,0.0,0.0,0.0,0.0,0.0,0.0,0.0,0.0,0.0,0.0,0.0,0.0,0.0,0.0,0.7986852526664734,0.0,0.8530892133712769,0.6024187803268433,0.0,0.0,0.0,0.0,0.0,0.0,0.0,0.0,0.0,0.0,0.0,0.0,0.0,0.0,0.0,0.0,0.0,0.0,0.0,0.0,0.0,0.0,0.0,0.0,0.0,0.0
28,0.5633431673049927,0.7044016122817993,0.7265011668205261,0.0,0.953561007976532,0.932964563369751,0.895388126373291,0.9356291890144348,0.0,0.0,0.89096999168396,0.7138491272926331,0.0,0.6893355846405029,0.8674249649047852,0.5923557877540588,0.6993025541305542,0.0,0.676601231098175,0.0,0.0,0.8863029479980469,0.0,0.0,0.0,0.0,0.0,0.0,0.8707592487335205,0.0,0.0,0.0,0.5234225988388062,0.0,0.0,0.0,place_ange,0.6775306463241577,0.0,0.0,0.0,0.0,0.0,0.0,0.0,0.0,0.0,0.0,0.0,0.0,0.0,0.0,0.0,0.0,0.839305579662323,0.0,0.8590072989463806,0.8087915182113647,0.0,0.7129321694374084,0.5174382925033569,0.0,0.0,0.0,0.0,0.0,0.0,0.0,0.0,0.0,0.0,0.0,0.0,0.0,0.0,0.0,0.0,0.0,0.0,0.0,0.0,0.0,0.0,0.0
29,0.9804363250732422,0.9400967955589294,0.8816742897033691,0.8514039516448975,0.9469658732414246,0.9485619068145752,0.0,0.9052793383598328,0.6642747521400452,0.8124427795410156,0.8651012182235718,0.9092731475830078,0.9327831268310547,0.7026030421257019,0.6307841539382935,0.7014836668968201,0.5557606220245361,0.5793020129203796,0.6209554076194763,0.0,0.0,0.7627769112586975,0.0,0.0,0.0,0.0,0.0,0.582439124584198,0.8778673410415649,0.0,0.0,0.7479062080383301,0.5395974516868591,0.0,0.0,0.5947220921516418,place_ange,0.0,0.0,0.0,0.5297847390174866,0.0,0.0,0.0,0.8754318356513977,0.0,0.0,0.0,0.0,0.0,0.0,0.0,0.0,0.0,0.653208315372467,0.0,0.768653154373169,0.0,0.0,0.0,0.0,0.7215078473091125,0.5894644856452942,0.0,0.0,0.0,0.0,0.0,0.0,0.0,0.0,0.0,0.0,0.0,0.0,0.0,0.0,0.0,0.0,0.0,0.0,0.0,0.0,0.0
30,0.875474750995636,0.9270952939987183,0.7831305861473083,0.0,0.9390855431556702,0.8913290500640869,0.8975726366043091,0.9373661279678345,0.0,0.0,0.8636082410812378,0.6156328916549683,0.0,0.686324954032898,0.8114016056060791,0.5960369110107422,0.7459284067153931,0.0,0.7603030800819397,0.0,0.0,0.8480686545372009,0.0,0.0,0.0,0.0,0.0,0.0,0.89528489112854,0.0,0.0,0.0,0.5491299033164978,0.0,0.0,0.0,place_ange,0.7345526218414307,0.0,0.0,0.0,0.0,0.0,0.8580424785614014,0.0,0.0,0.0,0.0,0.0,0.0,0.0,0.0,0.0,0.0,0.6131383776664734,0.0,0.6995013356208801,0.6691997647285461,0.0,0.0,0.0,0.0,0.0,0.0,0.0,0.0,0.0,0.0,0.0,0.0,0.0,0.0,0.0,0.0,0.0,0.0,0.0,0.0,0.0,0.0,0.0,0.0,0.0,0.0
31,0.5988170504570007,0.8089330792427063,0.7384263277053833,0.0,0.9591586589813232,0.9339997172355652,0.0,0.9434201121330261,0.0,0.0,0.8950156569480896,0.7463797926902771,0.7362265586853027,0.7406654953956604,0.8804674744606018,0.6062517166137695,0.7177548408508301,0.0,0.6862061023712158,0.0,0.0,0.8927487134933472,0.0,0.0,0.0,0.0,0.0,0.0,0.8535119295120239,0.0,0.5805109739303589,0.0,0.603661298751831,0.0,0.0,0.0,place_ange,0.6962272524833679,0.0,0.0,0.0,0.0,0.0,0.0,0.0,0.0,0.0,0.0,0.0,0.0,0.0,0.0,0.0,0.0,0.8122117519378662,0.0,0.8608115315437317,0.7587698698043823,0.0,0.6973074078559875,0.0,0.0,0.0,0.0,0.0,0.0,0.0,0.0,0.0,0.0,0.0,0.0,0.0,0.0,0.0,0.0,0.0,0.0,0.0,0.0,0.0,0.0,0.0,0.0
32,0.9799277186393738,0.9453308582305908,0.9024548530578613,0.8541973233222961,0.9470221400260925,0.9434664845466614,0.9078523516654968,0.9305344223976135,0.6669824719429016,0.8206498026847839,0.8552480936050415,0.8917055130004883,0.9077675342559814,0.7065916061401367,0.6654108762741089,0.7080578207969666,0.6366012692451477,0.6083349585533142,0.7089738845825195,0.0,0.0,0.804027795791626,0.0,0.0,0.0,0.0,0.0,0.5766030550003052,0.9016724824905396,0.6963949203491211,0.0,0.6842890977859497,0.0,0.0,0.0,0.0,place_ange,0.6869275569915771,0.0,0.0,0.5600187182426453,0.0,0.0,0.8314598798751831,0.0,0.0,0.0,0.0,0.0,0.0,0.0,0.0,0.0,0.0,0.6389468312263489,0.0,0.8241839408874512,0.0,0.0,0.0,0.0,0.6479968428611755,0.0,0.0,0.0,0.0,0.0,0.0,0.0,0.0,0.0,0.0,0.0,0.0,0.0,0.0,0.0,0.0,0.0,0.0,0.0,0.0,0.0,0.0
33,0.9467472434043884,0.8817457556724548,0.7294703125953674,0.0,0.9628150463104248,0.9193862080574036,0.8959698677062988,0.9511814713478088,0.0,0.0,0.9083089828491211,0.6600496768951416,0.7072372436523438,0.8154785633087158,0.897004246711731,0.5847964882850647,0.8193020820617676,0.0,0.8253609538078308,0.0,0.0,0.8762964010238647,0.0,0.0,0.0,0.0,0.0,0.0,0.8963818550109863,0.0,0.5817172527313232,0.0,0.6914531588554382,0.0,0.0,0.0,place_ange,0.79917973279953,0.0,0.0,0.0,0.0,0.0,0.8736416101455688,0.0,0.0,0.0,0.0,0.0,0.0,0.0,0.0,0.0,0.0,0.9073874354362488,0.0,0.8458568453788757,0.7771777510643005,0.0,0.0,0.0,0.0,0.0,0.0,0.0,0.0,0.0,0.0,0.0,0.0,0.0,0.0,0.0,0.0,0.0,0.0,0.0,0.0,0.0,0.0,0.0,0.0,0.0,0.0
34,0.9741561412811279,0.9287243485450745,0.7247312664985657,0.0,0.9443054795265198,0.8810976147651672,0.0,0.9376150369644165,0.7212425470352173,0.0,0.8855909109115601,0.5983895659446716,0.0,0.8113380670547485,0.7732003331184387,0.5538148283958435,0.6160692572593689,0.0,0.7435566782951355,0.0,0.0,0.8654529452323914,0.0,0.0,0.0,0.0,0.0,0.0,0.9031671285629272,0.6990953087806702,0.0,0.0,0.539774477481842,0.0,0.0,0.0,place_ange,0.8673457503318787,0.0,0.0,0.0,0.0,0.0,0.9046056866645813,0.0,0.0,0.0,0.0,0.0,0.0,0.0,0.5751261115074158,0.0,0.0,0.8372849822044373,0.0,0.5111737251281738,0.6568648219108582,0.0,0.0,0.0,0.0,0.0,0.8747734427452087,0.5445138812065125,0.0,0.0,0.0,0.0,0.0,0.0,0.0,0.0,0.0,0.0,0.0,0.0,0.0,0.0,0.0,0.0,0.0,0.0,0.0
35,0.8602175712585449,0.9516386389732361,0.7790641188621521,0.0,0.9619026780128479,0.9316301941871643,0.8917948007583618,0.9623898267745972,0.0,0.0,0.9206136465072632,0.7475799918174744,0.7924076318740845,0.8563941717147827,0.8941016793251038,0.5904235243797302,0.7743647694587708,0.0,0.8668122887611389,0.0,0.0,0.8967974781990051,0.0,0.0,0.0,0.0,0.0,0.0,0.9276852011680603,0.7059598565101624,0.5575562119483948,0.5634488463401794,0.7620542049407959,0.0,0.0,0.0,place_ange,0.8092273473739624,0.0,0.0,0.0,0.0,0.0,0.0,0.0,0.0,0.0,0.0,0.0,0.0,0.0,0.0,0.0,0.0,0.8730118274688721,0.0,0.856677234172821,0.7612619400024414,0.568598747253418,0.0,0.0,0.0,0.0,0.0,0.0,0.0,0.0,0.0,0.0,0.0,0.0,0.0,0.0,0.0,0.0,0.0,0.0,0.0,0.0,0.0,0.0,0.0,0.0,0.0
36,0.7103157639503479,0.7068051099777222,0.7172017693519592,0.0,0.9549862146377563,0.9306451082229614,0.0,0.9200018048286438,0.0,0.0,0.88547682762146,0.7384312152862549,0.6879640817642212,0.7150039672851562,0.8271623849868774,0.596466064453125,0.6524640917778015,0.0,0.6785593628883362,0.0,0.0,0.879217803478241,0.0,0.0,0.0,0.0,0.0,0.0,0.8423535227775574,0.0,0.0,0.0,0.0,0.0,0.0,0.0,place_ange,0.643038272857666,0.0,0.0,0.0,0.0,0.0,0.0,0.0,0.0,0.0,0.0,0.0,0.0,0.0,0.0,0.0,0.0,0.7657347917556763,0.0,0.8595657348632812,0.7360280156135559,0.0,0.679662823677063,0.0,0.0,0.0,0.0,0.0,0.0,0.0,0.0,0.0,0.0,0.0,0.0,0.0,0.0,0.0,0.0,0.0,0.0,0.0,0.0,0.0,0.0,0.0,0.0
37,0.66630619764328,0.9261336326599121,0.7789412140846252,0.0,0.9658780694007874,0.9228435754776001,0.0,0.9644321799278259,0.0,0.0,0.9206778407096863,0.7160258293151855,0.7168446779251099,0.8642380237579346,0.9139665961265564,0.6216420531272888,0.8186410665512085,0.0,0.7893636226654053,0.0,0.0,0.8632118701934814,0.0,0.0,0.0,0.0,0.0,0.0,0.9444990158081055,0.0,0.5569049715995789,0.0,0.6332011222839355,0.0,0.0,0.0,place_ange,0.7482287287712097,0.0,0.0,0.0,0.0,0.0,0.0,0.0,0.0,0.0,0.0,0.0,0.0,0.0,0.0,0.8796342015266418,0.0,0.8054320812225342,0.0,0.8452230095863342,0.9189030528068542,0.0,0.0,0.0,0.0,0.0,0.0,0.545911431312561,0.87539142370224,0.5758033990859985,0.0,0.0,0.0,0.0,0.0,0.0,0.0,0.0,0.0,0.0,0.0,0.0,0.0,0.0,0.0,0.0,0.0
38,0.9802271127700806,0.9301213026046753,0.8789524435997009,0.8882328271865845,0.9563448429107666,0.9358571767807007,0.9042362570762634,0.9384880065917969,0.0,0.0,0.8971279859542847,0.8692107796669006,0.8562331795692444,0.765847384929657,0.73518306016922,0.6539138555526733,0.638530433177948,0.6485723257064819,0.7076538801193237,0.0,0.0,0.8009878993034363,0.5129071474075317,0.0,0.0,0.0,0.568928062915802,0.5577265620231628,0.8676829934120178,0.0,0.5270482301712036,0.5857504606246948,0.5251904129981995,0.0,0.0,0.0,place_ange,0.0,0.0,0.0,0.5072309970855713,0.0,0.0,0.0,0.0,0.0,0.0,0.0,0.0,0.0,0.0,0.0,0.0,0.0,0.725960373878479,0.0,0.7374498248100281,0.0,0.0,0.0,0.0,0.0,0.0,0.0,0.0,0.0,0.0,0.0,0.0,0.0,0.0,0.0,0.0,0.0,0.0,0.0,0.0,0.0,0.0,0.0,0.0,0.0,0.0,0.0
39,0.6339278221130371,0.9359486103057861,0.7958112359046936,0.0,0.9664083123207092,0.9112434983253479,0.0,0.9607764482498169,0.0,0.0,0.9290364980697632,0.7784432768821716,0.0,0.9020803570747375,0.8420156240463257,0.5913320779800415,0.7221176624298096,0.0,0.7540302276611328,0.0,0.0,0.8345682621002197,0.0,0.0,0.0,0.0,0.0,0.0,0.9331186413764954,0.0,0.5578920245170593,0.0,0.721672534942627,0.0,0.0,0.0,place_ange,0.0,0.0,0.0,0.0,0.0,0.0,0.0,0.0,0.0,0.0,0.0,0.0,0.0,0.0,0.0,0.883212685585022,0.0,0.8611036539077759,0.0,0.7877794504165649,0.8605877161026001,0.0,0.0,0.0,0.0,0.0,0.0,0.0,0.8519022464752197,0.0,0.0,0.0,0.0,0.0,0.0,0.0,0.0,0.0,0.0,0.0,0.0,0.0,0.0,0.0,0.0,0.0,0.0
40,0.9859180450439453,0.7963655591011047,0.8319166302680969,0.8851500749588013,0.9121881127357483,0.7703662514686584,0.0,0.8610914349555969,0.9194900393486023,0.0,0.891231894493103,0.7102181315422058,0.0,0.857016384601593,0.5727167725563049,0.597922146320343,0.0,0.6359038949012756,0.5973726511001587,0.0,0.9152249097824097,0.7252707481384277,0.6299448013305664,0.0,0.0,0.0,0.6465471386909485,0.0,0.0,0.0,0.0,0.0,0.0,0.0,0.0,0.0,place_ange,0.0,0.0,0.5595229268074036,0.6957712769508362,0.5349001884460449,0.0,0.9145541787147522,0.0,0.0,0.0,0.0,0.0,0.5981120467185974,0.0,0.6542310118675232,0.8660334348678589,0.0,0.701855480670929,0.0,0.0,0.0,0.0,0.0,0.0,0.0,0.0,0.0,0.0,0.0,0.0,0.0,0.0,0.0,0.0,0.0,0.0,0.0,0.0,0.0,0.0,0.0,0.0,0.0,0.0,0.0,0.0,0.0
41,0.8614478707313538,0.8640404343605042,0.7037730813026428,0.5451468825340271,0.9551024436950684,0.9271203279495239,0.0,0.9446138143539429,0.0,0.0,0.8995100259780884,0.6513174772262573,0.6799042820930481,0.8020861148834229,0.8480706214904785,0.5845996141433716,0.8036657571792603,0.0,0.7408530116081238,0.0,0.0,0.8484894633293152,0.5111888647079468,0.0,0.0,0.0,0.0,0.0,0.8655804991722107,0.0,0.0,0.0,0.5876581072807312,0.0,0.0,0.0,place_ange,0.5856644511222839,0.0,0.0,0.0,0.0,0.0,0.0,0.0,0.0,0.0,0.0,0.0,0.0,0.0,0.0,0.0,0.0,0.8540530204772949,0.0,0.8459590673446655,0.7123477458953857,0.0,0.0,0.0,0.0,0.0,0.0,0.0,0.0,0.0,0.0,0.0,0.0,0.0,0.0,0.0,0.0,0.0,0.0,0.0,0.0,0.0,0.0,0.0,0.0,0.0,0.0
42,0.9264600872993469,0.8779218792915344,0.7931693196296692,0.0,0.9585487842559814,0.917426347732544,0.8917698264122009,0.9491065740585327,0.0,0.0,0.9061577916145325,0.7391591668128967,0.6703807711601257,0.8165455460548401,0.8974756002426147,0.6360054016113281,0.7725024819374084,0.0,0.7559748291969299,0.0,0.0,0.8544310331344604,0.0,0.0,0.0,0.0,0.0,0.0,0.8918424248695374,0.0,0.5203555226325989,0.0,0.6637081503868103,0.0,0.0,0.0,place_ange,0.5923592448234558,0.0,0.0,0.0,0.0,0.0,0.0,0.0,0.0,0.0,0.0,0.0,0.0,0.0,0.0,0.0,0.0,0.8922231793403625,0.0,0.6839443445205688,0.7387341856956482,0.0,0.0,0.0,0.0,0.0,0.0,0.0,0.0,0.0,0.0,0.0,0.0,0.0,0.0,0.0,0.0,0.0,0.0,0.0,0.0,0.0,0.0,0.0,0.0,0.0,0.0
43,0.9241423606872559,0.7199931740760803,0.6865842342376709,0.0,0.9413999319076538,0.9181882739067078,0.0,0.9042820334434509,0.0,0.0,0.8698134422302246,0.6742842793464661,0.0,0.7370152473449707,0.8337241411209106,0.5921410918235779,0.6463589668273926,0.0,0.5334740877151489,0.0,0.0,0.8233251571655273,0.0,0.0,0.0,0.0,0.0,0.0,0.8649476170539856,0.0,0.5529161691665649,0.0,0.0,0.0,0.0,0.0,place_ange,0.0,0.0,0.0,0.0,0.0,0.0,0.8521968126296997,0.0,0.0,0.0,0.0,0.0,0.0,0.0,0.0,0.0,0.0,0.7984030246734619,0.0,0.7700040936470032,0.7771654725074768,0.0,0.5073065757751465,0.0,0.0,0.0,0.0,0.5414619445800781,0.8505460619926453,0.0,0.0,0.0,0.0,0.0,0.0,0.0,0.0,0.0,0.0,0.0,0.0,0.0,0.0,0.0,0.0,0.0,0.0
44,0.9767724275588989,0.5858349800109863,0.690104067325592,0.0,0.9381527304649353,0.9258340001106262,0.0,0.8963557481765747,0.7235188484191895,0.0,0.8704218864440918,0.7331092953681946,0.0,0.759995698928833,0.8116523027420044,0.5699108839035034,0.5685203671455383,0.0,0.0,0.0,0.0,0.8262863159179688,0.5555112361907959,0.0,0.0,0.0,0.0,0.0,0.8378165364265442,0.0,0.0,0.0,0.0,0.0,0.0,0.0,place_ange,0.0,0.0,0.0,0.0,0.0,0.0,0.9096052050590515,0.0,0.0,0.0,0.0,0.0,0.0,0.0,0.0,0.0,0.0,0.8422450423240662,0.0,0.763140857219696,0.67865389585495,0.0,0.0,0.0,0.0,0.0,0.0,0.0,0.0,0.0,0.5455916523933411,0.0,0.0,0.0,0.0,0.0,0.0,0.0,0.0,0.0,0.0,0.0,0.0,0.0,0.0,0.0,0.0
45,0.7286112904548645,0.9361127018928528,0.9476017951965332,0.0,0.0,0.0,0.930281937122345,0.736107349395752,0.0,0.0,0.600631058216095,0.0,0.0,0.0,0.5865216255187988,0.6577039957046509,0.5545737147331238,0.0,0.8169640898704529,0.0,0.0,0.5713675022125244,0.0,0.0,0.0,0.5180314183235168,0.0,0.0,0.0,0.0,0.0,0.0,0.0,0.0,0.0,0.0,saint_aubain,0.7886552214622498,0.0,0.0,0.0,0.0,0.8457216024398804,0.0,0.0,0.0,0.0,0.0,0.0,0.0,0.0,0.0,0.0,0.0,0.0,0.0,0.0,0.0,0.0,0.0,0.0,0.0,0.0,0.0,0.0,0.0,0.0,0.0,0.7637068629264832,0.7613680362701416,0.7284660935401917,0.6957731246948242,0.6607111692428589,0.5692692995071411,0.0,0.0,0.0,0.0,0.0,0.0,0.0,0.0,0.0,0.0
46,0.9816674590110779,0.9163205623626709,0.9347332715988159,0.727340579032898,0.0,0.6778944134712219,0.9167068600654602,0.6709110736846924,0.0,0.8028417229652405,0.7084548473358154,0.5457421541213989,0.0,0.0,0.0,0.7102164030075073,0.5050916075706482,0.6333463788032532,0.7838330864906311,0.0,0.8061975240707397,0.0,0.550282895565033,0.0,0.0,0.5125039219856262,0.6326872706413269,0.0,0.0,0.0,0.0,0.0,0.0,0.0,0.0,0.0,saint_aubain,0.6128450632095337,0.0,0.0,0.0,0.0,0.7742128968238831,0.0,0.0,0.0,0.0,0.0,0.0,0.0,0.0,0.0,0.0,0.0,0.0,0.0,0.0,0.0,0.0,0.0,0.0,0.0,0.0,0.0,0.0,0.0,0.0,0.0,0.5730946660041809,0.5979505777359009,0.5146546959877014,0.0,0.0,0.0,0.0,0.0,0.0,0.0,0.0,0.0,0.0,0.0,0.0,0.0
47,0.9388362169265747,0.9197544455528259,0.941124677658081,0.0,0.0,0.0,0.9260072112083435,0.6688238978385925,0.0,0.0,0.6404663324356079,0.0,0.0,0.0,0.0,0.6936003565788269,0.0,0.0,0.8280548453330994,0.0,0.0,0.0,0.0,0.0,0.0,0.5060974955558777,0.0,0.0,0.0,0.0,0.0,0.0,0.0,0.0,0.0,0.0,saint_aubain,0.6877008080482483,0.0,0.0,0.0,0.0,0.7971724271774292,0.0,0.0,0.0,0.0,0.0,0.0,0.0,0.0,0.0,0.0,0.0,0.0,0.0,0.0,0.0,0.0,0.0,0.0,0.0,0.0,0.0,0.0,0.0,0.0,0.0,0.6653624773025513,0.6821877360343933,0.5861003398895264,0.53245609998703,0.6116910576820374,0.0,0.0,0.0,0.0,0.0,0.0,0.0,0.0,0.0,0.0,0.0
48,0.7240654826164246,0.9284359216690063,0.9372838139533997,0.0,0.0,0.0,0.9275377988815308,0.6716122627258301,0.0,0.0,0.5490878224372864,0.0,0.0,0.0,0.7392435073852539,0.6769627332687378,0.6867830157279968,0.0,0.8085358738899231,0.0,0.0,0.0,0.0,0.0,0.0,0.5740733742713928,0.0,0.0,0.0,0.0,0.0,0.0,0.0,0.0,0.0,0.0,saint_aubain,0.8189471960067749,0.0,0.0,0.0,0.0,0.9101905226707458,0.0,0.0,0.0,0.0,0.0,0.0,0.0,0.0,0.0,0.0,0.0,0.0,0.0,0.0,0.0,0.0,0.0,0.0,0.0,0.0,0.0,0.0,0.0,0.0,0.0,0.7227197289466858,0.7026317119598389,0.7167977690696716,0.7298595905303955,0.6531942486763,0.5957896709442139,0.0,0.0,0.0,0.0,0.0,0.0,0.0,0.0,0.0,0.0
49,0.0,0.9496679306030273,0.95176100730896,0.0,0.8182042837142944,0.0,0.9397099614143372,0.7405061721801758,0.0,0.0,0.6552552580833435,0.0,0.0,0.0,0.7460836172103882,0.6843642592430115,0.645976722240448,0.0,0.8523298501968384,0.0,0.0,0.0,0.0,0.0,0.0,0.5500170588493347,0.0,0.0,0.7936881184577942,0.0,0.0,0.0,0.0,0.0,0.0,0.0,saint_aubain,0.858309268951416,0.0,0.0,0.0,0.0,0.8786234259605408,0.0,0.0,0.0,0.0,0.0,0.0,0.0,0.0,0.0,0.0,0.0,0.0,0.0,0.0,0.0,0.0,0.0,0.0,0.0,0.0,0.0,0.0,0.0,0.0,0.0,0.7692250609397888,0.7866101861000061,0.7436197996139526,0.6698904037475586,0.7450751662254333,0.630333662033081,0.5186694860458374,0.0,0.0,0.0,0.0,0.0,0.0,0.0,0.0,0.0
50,0.6233601570129395,0.9109700322151184,0.9474801421165466,0.0,0.0,0.7174112200737,0.918004035949707,0.6792287230491638,0.0,0.0,0.5761203765869141,0.0,0.0,0.0,0.5713040828704834,0.6867003440856934,0.6455644369125366,0.0,0.8029704689979553,0.0,0.0,0.5804615020751953,0.0,0.0,0.0,0.5268675684928894,0.0,0.0,0.0,0.0,0.0,0.0,0.0,0.0,0.0,0.0,saint_aubain,0.7975560426712036,0.0,0.0,0.0,0.0,0.9197707772254944,0.0,0.0,0.0,0.0,0.0,0.0,0.0,0.0,0.0,0.0,0.0,0.0,0.0,0.0,0.0,0.0,0.0,0.0,0.0,0.0,0.0,0.0,0.0,0.0,0.0,0.7260740995407104,0.7172656655311584,0.6605253219604492,0.6684404611587524,0.6905991435050964,0.0,0.0,0.0,0.0,0.0,0.0,0.0,0.0,0.0,0.0,0.0
51,0.5096979737281799,0.9317740201950073,0.9443753957748413,0.0,0.0,0.0,0.9347528219223022,0.6897600889205933,0.0,0.0,0.5614056587219238,0.0,0.0,0.0,0.5893046259880066,0.6537999510765076,0.576158344745636,0.0,0.8274651169776917,0.0,0.0,0.5469666719436646,0.0,0.0,0.0,0.5445802807807922,0.0,0.0,0.0,0.0,0.0,0.0,0.0,0.0,0.0,0.0,saint_aubain,0.8318887948989868,0.0,0.0,0.0,0.0,0.8586286306381226,0.0,0.0,0.0,0.0,0.0,0.0,0.0,0.0,0.0,0.0,0.0,0.0,0.0,0.0,0.0,0.0,0.0,0.0,0.0,0.0,0.0,0.0,0.0,0.0,0.0,0.7209891080856323,0.7446939945220947,0.7104799747467041,0.6758362054824829,0.6801049709320068,0.6318580508232117,0.0,0.0,0.0,0.0,0.0,0.0,0.0,0.0,0.0,0.0
52,0.0,0.9431220889091492,0.9478579163551331,0.0,0.0,0.0,0.9303774237632751,0.7045683264732361,0.0,0.0,0.5933182835578918,0.518379807472229,0.0,0.0,0.5944092869758606,0.6898186802864075,0.5461639761924744,0.0,0.8614282608032227,0.0,0.0,0.0,0.0,0.0,0.0,0.5172353386878967,0.0,0.0,0.0,0.0,0.0,0.0,0.0,0.0,0.0,0.0,saint_aubain,0.787193238735199,0.0,0.0,0.0,0.0,0.8211566805839539,0.0,0.0,0.0,0.0,0.0,0.0,0.0,0.0,0.0,0.0,0.0,0.0,0.0,0.0,0.0,0.0,0.0,0.0,0.0,0.0,0.0,0.0,0.0,0.0,0.0,0.6919453740119934,0.7353513836860657,0.6601664423942566,0.5698066353797913,0.6628921031951904,0.5218368172645569,0.0,0.0,0.0,0.0,0.0,0.0,0.0,0.0,0.0,0.0
53,0.0,0.9373946189880371,0.9450221061706543,0.0,0.0,0.0,0.9253738522529602,0.6929252743721008,0.0,0.0,0.5654093623161316,0.0,0.0,0.0,0.6610223054885864,0.672123372554779,0.6079586744308472,0.0,0.8003032207489014,0.0,0.0,0.0,0.0,0.0,0.0,0.5332657098770142,0.0,0.0,0.0,0.0,0.0,0.0,0.0,0.0,0.0,0.0,saint_aubain,0.7550387978553772,0.0,0.0,0.0,0.0,0.8316697478294373,0.0,0.0,0.0,0.0,0.0,0.0,0.0,0.0,0.0,0.0,0.0,0.0,0.0,0.0,0.0,0.0,0.0,0.0,0.0,0.0,0.0,0.0,0.0,0.0,0.0,0.7337442636489868,0.7809040546417236,0.6972503066062927,0.7064605355262756,0.7241041660308838,0.5970639586448669,0.0,0.0,0.0,0.0,0.0,0.0,0.0,0.0,0.0,0.0
54,0.8658386468887329,0.9231995940208435,0.9440640211105347,0.0,0.0,0.6715015172958374,0.9323797821998596,0.7430044412612915,0.0,0.0,0.6121885776519775,0.0,0.0,0.0,0.6380379796028137,0.6601288914680481,0.576586127281189,0.0,0.8332042694091797,0.0,0.0,0.5853695869445801,0.0,0.0,0.0,0.5235199928283691,0.0,0.0,0.0,0.0,0.0,0.0,0.0,0.0,0.0,0.0,saint_aubain,0.8253864645957947,0.0,0.0,0.0,0.0,0.8117231726646423,0.0,0.0,0.0,0.0,0.0,0.0,0.0,0.0,0.0,0.0,0.0,0.0,0.0,0.0,0.0,0.0,0.0,0.0,0.0,0.0,0.0,0.0,0.0,0.0,0.0,0.6871472597122192,0.7165869474411011,0.6251903176307678,0.647304117679596,0.6597080826759338,0.5986313819885254,0.0,0.0,0.0,0.0,0.0,0.0,0.0,0.0,0.0,0.0
55,0.970917820930481,0.9205987453460693,0.9403302669525146,0.6153156757354736,0.0,0.0,0.9291030764579773,0.6449323296546936,0.0,0.7936941385269165,0.6146200299263,0.5079312920570374,0.0,0.0,0.0,0.6807414293289185,0.0,0.5553420186042786,0.753143846988678,0.0,0.635430634021759,0.0,0.0,0.0,0.0,0.5203806757926941,0.5047000646591187,0.0,0.0,0.0,0.0,0.0,0.0,0.0,0.0,0.0,saint_aubain,0.7022124528884888,0.0,0.0,0.0,0.0,0.7346451878547668,0.0,0.0,0.0,0.0,0.0,0.0,0.0,0.0,0.0,0.0,0.0,0.0,0.0,0.0,0.0,0.0,0.0,0.0,0.0,0.0,0.0,0.0,0.0,0.0,0.0,0.6265676021575928,0.6132351160049438,0.5910768508911133,0.0,0.0,0.0,0.0,0.0,0.0,0.0,0.0,0.0,0.0,0.0,0.0,0.0
56,0.7220425009727478,0.9381116628646851,0.9496343731880188,0.0,0.0,0.7667413353919983,0.9252077341079712,0.7008305788040161,0.0,0.0,0.6209231615066528,0.5050120949745178,0.0,0.0,0.6261235475540161,0.7046289443969727,0.5679290294647217,0.0,0.8225388526916504,0.0,0.0,0.6301977634429932,0.0,0.0,0.0,0.504784107208252,0.0,0.0,0.0,0.0,0.0,0.0,0.0,0.0,0.0,0.0,saint_aubain,0.8069409132003784,0.0,0.0,0.0,0.0,0.8949938416481018,0.0,0.0,0.0,0.0,0.0,0.0,0.0,0.0,0.0,0.0,0.0,0.0,0.0,0.0,0.0,0.0,0.0,0.0,0.0,0.0,0.0,0.0,0.0,0.0,0.0,0.6990146636962891,0.7357679605484009,0.6281377673149109,0.5204399228096008,0.6838489770889282,0.0,0.0,0.0,0.0,0.0,0.0,0.0,0.0,0.0,0.0,0.0
57,0.7897734642028809,0.9399042725563049,0.933247447013855,0.0,0.0,0.0,0.9330081343650818,0.673767626285553,0.0,0.0,0.5444390177726746,0.0,0.0,0.0,0.591192364692688,0.6389985084533691,0.5712278485298157,0.0,0.8041582107543945,0.0,0.0,0.0,0.0,0.0,0.0,0.5162636041641235,0.0,0.0,0.0,0.0,0.0,0.0,0.0,0.0,0.0,0.0,saint_aubain,0.7829370498657227,0.0,0.0,0.0,0.0,0.8235609531402588,0.0,0.0,0.0,0.0,0.0,0.0,0.0,0.0,0.0,0.0,0.0,0.0,0.0,0.0,0.0,0.0,0.0,0.0,0.0,0.0,0.0,0.0,0.0,0.0,0.0,0.6990725994110107,0.7107463479042053,0.6569139957427979,0.5739219188690186,0.6385960578918457,0.5188714265823364,0.0,0.0,0.0,0.0,0.0,0.0,0.0,0.0,0.0,0.0
58,0.8429853320121765,0.929655909538269,0.9443863034248352,0.0,0.0,0.6723491549491882,0.9318824410438538,0.7264952659606934,0.0,0.0,0.6090810894966125,0.0,0.0,0.0,0.6830861568450928,0.6738614439964294,0.6273198127746582,0.0,0.8560875058174133,0.0,0.0,0.5625391006469727,0.0,0.0,0.0,0.5559647679328918,0.0,0.0,0.0,0.0,0.0,0.0,0.0,0.0,0.0,0.0,saint_aubain,0.7740994691848755,0.0,0.0,0.0,0.0,0.8683441281318665,0.0,0.0,0.0,0.0,0.0,0.0,0.0,0.0,0.0,0.0,0.0,0.0,0.0,0.0,0.0,0.0,0.0,0.0,0.0,0.0,0.0,0.0,0.0,0.0,0.0,0.6721931099891663,0.6815387010574341,0.6753204464912415,0.6778187155723572,0.6311294436454773,0.5973089337348938,0.0,0.0,0.0,0.0,0.0,0.0,0.0,0.0,0.0,0.0
59,0.8868181705474854,0.9145698547363281,0.9429274201393127,0.0,0.0,0.0,0.9297440648078918,0.7472898960113525,0.0,0.0,0.6746261119842529,0.0,0.0,0.0,0.7070045471191406,0.6670632362365723,0.6369773745536804,0.0,0.8240712285041809,0.0,0.0,0.6248493790626526,0.0,0.0,0.0,0.5440266728401184,0.0,0.0,0.0,0.0,0.0,0.0,0.0,0.0,0.0,0.0,saint_aubain,0.8561667203903198,0.0,0.0,0.0,0.0,0.8861865401268005,0.0,0.0,0.0,0.0,0.0,0.0,0.0,0.0,0.0,0.0,0.0,0.0,0.0,0.0,0.0,0.0,0.0,0.0,0.0,0.0,0.0,0.0,0.0,0.0,0.0,0.7553666830062866,0.738456130027771,0.7178521156311035,0.661806046962738,0.6926947236061096,0.5297952890396118,0.0,0.0,0.0,0.0,0.0,0.0,0.0,0.0,0.0,0.0
60,0.863364577293396,0.8923595547676086,0.9448280930519104,0.0,0.0,0.0,0.9250597953796387,0.7196130156517029,0.0,0.0,0.5979009866714478,0.0,0.0,0.0,0.6833082437515259,0.6515509486198425,0.6458382606506348,0.0,0.8128116726875305,0.0,0.0,0.578010082244873,0.0,0.0,0.0,0.0,0.0,0.0,0.0,0.0,0.0,0.0,0.0,0.0,0.0,0.0,saint_aubain,0.770458459854126,0.0,0.0,0.0,0.0,0.8887727856636047,0.0,0.0,0.0,0.0,0.0,0.0,0.0,0.0,0.0,0.0,0.0,0.0,0.0,0.0,0.0,0.0,0.0,0.0,0.0,0.0,0.0,0.0,0.0,0.0,0.0,0.7014148831367493,0.6599747538566589,0.632864773273468,0.5785552859306335,0.6493791341781616,0.5385714769363403,0.0,0.0,0.0,0.0,0.0,0.0,0.0,0.0,0.0,0.0
61,0.920611560344696,0.9130364656448364,0.9366526007652283,0.0,0.0,0.0,0.9176725149154663,0.7338328957557678,0.0,0.0,0.679003119468689,0.0,0.0,0.0,0.5965652465820312,0.6440542936325073,0.5665853023529053,0.5000560879707336,0.7602509260177612,0.0,0.0,0.5750320553779602,0.0,0.0,0.0,0.5278106331825256,0.0,0.0,0.0,0.0,0.0,0.0,0.0,0.0,0.0,0.0,saint_aubain,0.7112511396408081,0.0,0.0,0.0,0.0,0.7001107335090637,0.0,0.0,0.0,0.0,0.0,0.0,0.0,0.0,0.0,0.0,0.0,0.0,0.0,0.0,0.0,0.0,0.0,0.0,0.0,0.0,0.0,0.0,0.0,0.0,0.0,0.7018973231315613,0.7120118737220764,0.6787344217300415,0.5695692896842957,0.619172215461731,0.0,0.0,0.0,0.0,0.0,0.0,0.0,0.0,0.0,0.0,0.0
62,0.943690836429596,0.9240318536758423,0.9414065480232239,0.0,0.8394774794578552,0.0,0.9203320145606995,0.753485381603241,0.0,0.0,0.6887416243553162,0.5925212502479553,0.0,0.0,0.5687854290008545,0.6528297662734985,0.5062050819396973,0.5025447607040405,0.7776485085487366,0.0,0.0,0.0,0.0,0.0,0.0,0.5144870281219482,0.0,0.0,0.0,0.0,0.0,0.0,0.0,0.0,0.0,0.0,saint_aubain,0.6560330390930176,0.0,0.0,0.0,0.0,0.5836368203163147,0.0,0.0,0.0,0.0,0.0,0.0,0.0,0.0,0.0,0.0,0.0,0.0,0.0,0.0,0.0,0.0,0.0,0.0,0.0,0.0,0.0,0.0,0.0,0.0,0.0,0.6436265707015991,0.692032516002655,0.6173357963562012,0.0,0.578736424446106,0.0,0.0,0.0,0.0,0.0,0.0,0.0,0.0,0.0,0.0,0.0
63,0.9588034749031067,0.8813573122024536,0.9311392903327942,0.0,0.0,0.0,0.917772114276886,0.6878549456596375,0.0,0.0,0.5516818761825562,0.0,0.0,0.0,0.5068777799606323,0.6576612591743469,0.6278015971183777,0.5418235063552856,0.6728703379631042,0.0,0.0,0.6730721592903137,0.0,0.0,0.0,0.5346741676330566,0.0,0.0,0.0,0.0,0.0,0.0,0.0,0.0,0.0,0.0,saint_aubain,0.7176147699356079,0.0,0.0,0.0,0.0,0.7697345018386841,0.0,0.0,0.0,0.0,0.0,0.0,0.0,0.0,0.0,0.0,0.0,0.0,0.0,0.0,0.0,0.0,0.0,0.0,0.0,0.0,0.0,0.0,0.0,0.0,0.0,0.6445269584655762,0.6335968971252441,0.5236316919326782,0.0,0.6109539270401001,0.0,0.0,0.0,0.0,0.0,0.0,0.0,0.0,0.0,0.0,0.0
64,0.9656888842582703,0.906506359577179,0.9401590824127197,0.0,0.0,0.744222104549408,0.9198198318481445,0.7783321142196655,0.0,0.0,0.6738137602806091,0.0,0.0,0.0,0.5260065197944641,0.6507863998413086,0.5862780809402466,0.5809186100959778,0.750530481338501,0.0,0.0,0.7494257092475891,0.0,0.0,0.0,0.5223181843757629,0.0,0.0,0.0,0.0,0.0,0.0,0.0,0.0,0.0,0.0,saint_aubain,0.8206115365028381,0.0,0.0,0.0,0.0,0.6877246499061584,0.0,0.0,0.0,0.0,0.0,0.0,0.0,0.0,0.0,0.0,0.0,0.0,0.0,0.0,0.0,0.0,0.0,0.0,0.0,0.0,0.0,0.0,0.0,0.0,0.0,0.6034442782402039,0.6245830059051514,0.0,0.0,0.5504336953163147,0.0,0.0,0.0,0.0,0.0,0.0,0.0,0.0,0.0,0.0,0.0
65,0.9843225479125977,0.8819056153297424,0.9359814524650574,0.6323474049568176,0.0,0.0,0.9179936647415161,0.6910135746002197,0.6521064639091492,0.0,0.6580162048339844,0.0,0.0,0.0,0.0,0.6736955642700195,0.6002249717712402,0.5812065005302429,0.7413895726203918,0.0,0.6222056746482849,0.6748863458633423,0.5292593240737915,0.0,0.0,0.549949586391449,0.57708340883255,0.0,0.0,0.0,0.0,0.0,0.0,0.0,0.0,0.0,saint_aubain,0.788731038570404,0.0,0.0,0.0,0.0,0.7880296111106873,0.0,0.0,0.0,0.0,0.0,0.0,0.0,0.0,0.0,0.0,0.0,0.0,0.0,0.0,0.0,0.0,0.0,0.0,0.0,0.0,0.0,0.0,0.0,0.0,0.0,0.5732431411743164,0.5744067430496216,0.0,0.0,0.5109955072402954,0.0,0.0,0.0,0.0,0.0,0.0,0.0,0.0,0.0,0.0,0.0
66,0.8100882768630981,0.9440364241600037,0.9414585828781128,0.0,0.0,0.718291699886322,0.9187968969345093,0.7537654638290405,0.0,0.0,0.6787800788879395,0.5013688206672668,0.0,0.0,0.614547610282898,0.6625704765319824,0.5801653265953064,0.0,0.7681475281715393,0.0,0.0,0.5879770517349243,0.0,0.0,0.0,0.0,0.0,0.0,0.0,0.0,0.0,0.0,0.0,0.0,0.0,0.0,saint_aubain,0.7184292674064636,0.0,0.0,0.0,0.0,0.7403503656387329,0.0,0.0,0.0,0.0,0.0,0.0,0.0,0.0,0.0,0.0,0.0,0.0,0.0,0.0,0.0,0.0,0.0,0.0,0.0,0.0,0.0,0.0,0.0,0.0,0.0,0.640812873840332,0.7075560092926025,0.538223922252655,0.0,0.569084882736206,0.0,0.0,0.0,0.0,0.0,0.0,0.0,0.0,0.0,0.0,0.0
67,0.9140092730522156,0.9454615712165833,0.9443937540054321,0.0,0.0,0.7447243928909302,0.9198773503303528,0.7651815414428711,0.0,0.0,0.6694368720054626,0.5119360685348511,0.0,0.0,0.6157505512237549,0.6676416397094727,0.6211963295936584,0.0,0.8074701428413391,0.0,0.0,0.6660460233688354,0.0,0.0,0.0,0.0,0.0,0.0,0.0,0.0,0.0,0.0,0.0,0.0,0.0,0.0,saint_aubain,0.7840291261672974,0.0,0.0,0.0,0.0,0.7722132802009583,0.0,0.0,0.0,0.0,0.0,0.0,0.0,0.0,0.0,0.0,0.0,0.0,0.0,0.0,0.0,0.0,0.0,0.0,0.0,0.0,0.0,0.0,0.0,0.0,0.0,0.6727086901664734,0.7156336903572083,0.5648214817047119,0.0,0.6291195154190063,0.0,0.0,0.0,0.0,0.0,0.0,0.0,0.0,0.0,0.0,0.0
68,0.8864609599113464,0.9106324315071106,0.8641079068183899,0.0,0.8634043335914612,0.7139119505882263,0.9363742470741272,0.8123207092285156,0.0,0.8055856227874756,0.550083577632904,0.0,0.0,0.0,0.8248419761657715,0.7020237445831299,0.8196382522583008,0.0,0.6240512132644653,0.6002147793769836,0.0,0.6782854199409485,0.0,0.0,0.0,0.5475372672080994,0.0,0.0,0.0,0.0,0.0,0.0,0.0,0.0,0.0,0.0,theatre,0.7260490655899048,0.0,0.0,0.0,0.0,0.7356029748916626,0.0,0.0,0.0,0.0,0.0,0.0,0.0,0.0,0.0,0.0,0.0,0.0,0.0,0.0,0.0,0.0,0.0,0.0,0.0,0.0,0.0,0.0,0.0,0.5790329575538635,0.0,0.0,0.0,0.0,0.0,0.0,0.0,0.0,0.7568624019622803,0.6427721977233887,0.6042333841323853,0.5032616257667542,0.0,0.0,0.0,0.0,0.0
69,0.9476670622825623,0.888170599937439,0.8879653215408325,0.0,0.8561604022979736,0.7730492949485779,0.9466027617454529,0.7796280980110168,0.0,0.8312557339668274,0.5643417239189148,0.0,0.0,0.0,0.7428126335144043,0.7253929376602173,0.7690886855125427,0.0,0.7202083468437195,0.6119911670684814,0.0,0.7074726819992065,0.0,0.0,0.0,0.5476709008216858,0.0,0.0,0.0,0.0,0.0,0.0,0.0,0.0,0.0,0.0,theatre,0.8428962230682373,0.0,0.0,0.0,0.0,0.8167718648910522,0.0,0.0,0.0,0.0,0.0,0.0,0.0,0.0,0.0,0.0,0.0,0.0,0.0,0.0,0.0,0.0,0.0,0.0,0.0,0.0,0.0,0.0,0.0,0.0,0.0,0.0,0.0,0.0,0.0,0.0,0.0,0.0,0.8191334009170532,0.0,0.0,0.0,0.5101062655448914,0.5006669759750366,0.0,0.0,0.0
70,0.8613834977149963,0.9344401359558105,0.9084141254425049,0.0,0.8859995603561401,0.7975634336471558,0.9368156790733337,0.8352503776550293,0.0,0.8168723583221436,0.5930657386779785,0.5691944360733032,0.0,0.0,0.8082053065299988,0.7298738360404968,0.7955843806266785,0.0,0.6400476694107056,0.5258268713951111,0.0,0.691074788570404,0.0,0.0,0.0,0.0,0.0,0.5409013032913208,0.0,0.0,0.0,0.0,0.0,0.0,0.0,0.5144119262695312,theatre,0.7013227939605713,0.0,0.0,0.0,0.0,0.5755632519721985,0.0,0.0,0.0,0.0,0.0,0.0,0.0,0.0,0.0,0.0,0.0,0.0,0.0,0.0,0.0,0.0,0.0,0.0,0.0,0.0,0.0,0.0,0.0,0.0,0.0,0.0,0.0,0.0,0.0,0.5165943503379822,0.0,0.0,0.7161193490028381,0.0,0.0,0.0,0.0,0.0,0.0,0.0,0.0
71,0.0,0.9089213013648987,0.9095602631568909,0.0,0.8823826313018799,0.0,0.935194194316864,0.7966200113296509,0.0,0.0,0.5588423609733582,0.0,0.0,0.0,0.8644554018974304,0.6952454447746277,0.7391217350959778,0.0,0.5536730885505676,0.6838720440864563,0.0,0.651791512966156,0.0,0.0,0.0,0.5115761756896973,0.0,0.0,0.0,0.0,0.0,0.0,0.5129662752151489,0.0,0.0,0.0,theatre,0.6040140986442566,0.0,0.0,0.0,0.0,0.7056375741958618,0.0,0.0,0.0,0.0,0.0,0.0,0.0,0.0,0.0,0.0,0.0,0.0,0.0,0.0,0.0,0.0,0.0,0.0,0.0,0.0,0.0,0.0,0.0,0.5569154024124146,0.0,0.0,0.0,0.0,0.5805706977844238,0.6140080690383911,0.0,0.0,0.7703349590301514,0.7753788232803345,0.0,0.0,0.0,0.0,0.6602723002433777,0.6546027660369873,0.5153061747550964
72,0.8761498332023621,0.9257058501243591,0.8949565291404724,0.0,0.8775856494903564,0.7171493768692017,0.9413315057754517,0.8007178902626038,0.0,0.8175020813941956,0.5734781622886658,0.5079583525657654,0.0,0.0,0.7639710903167725,0.721237301826477,0.7606050968170166,0.0,0.6215397715568542,0.6403472423553467,0.0,0.6090161800384521,0.0,0.0,0.0,0.5269160866737366,0.0,0.0,0.0,0.0,0.0,0.0,0.0,0.0,0.0,0.5315658450126648,theatre,0.7486504316329956,0.0,0.0,0.0,0.0,0.5754395127296448,0.0,0.0,0.0,0.0,0.0,0.0,0.0,0.0,0.0,0.0,0.0,0.0,0.0,0.0,0.0,0.0,0.0,0.0,0.0,0.0,0.0,0.0,0.0,0.0,0.0,0.0,0.0,0.0,0.5292268991470337,0.0,0.0,0.0,0.7537685036659241,0.0,0.0,0.0,0.0,0.0,0.0,0.6073823571205139,0.0
73,0.0,0.9081474542617798,0.8634815216064453,0.0,0.8766980171203613,0.0,0.9271287322044373,0.7451923489570618,0.0,0.0,0.5354893207550049,0.0,0.0,0.0,0.8878279328346252,0.7084698677062988,0.760918140411377,0.0,0.0,0.7402674555778503,0.0,0.0,0.0,0.0,0.0,0.0,0.0,0.0,0.0,0.0,0.0,0.0,0.5149300694465637,0.0,0.0,0.0,theatre,0.0,0.0,0.0,0.0,0.0,0.634118378162384,0.0,0.0,0.0,0.0,0.0,0.0,0.0,0.0,0.0,0.0,0.0,0.0,0.0,0.0,0.0,0.0,0.0,0.0,0.0,0.0,0.0,0.0,0.0,0.5733209848403931,0.0,0.0,0.0,0.0,0.5078086256980896,0.5623294115066528,0.0,0.0,0.8627058267593384,0.758658766746521,0.5813620686531067,0.5118101239204407,0.0,0.0,0.7130162715911865,0.6617830991744995,0.5489786267280579
74,0.9844660758972168,0.9528889060020447,0.8966986536979675,0.6765008568763733,0.8570448160171509,0.8223779201507568,0.9534608721733093,0.7937890887260437,0.7405788898468018,0.8321685791015625,0.6446043252944946,0.6424909234046936,0.0,0.0,0.6686822772026062,0.7185717225074768,0.6827690601348877,0.0,0.6952179670333862,0.0,0.5445342659950256,0.7211122512817383,0.5627542734146118,0.0,0.0,0.0,0.5407401919364929,0.0,0.0,0.7358012199401855,0.0,0.0,0.0,0.0,0.0,0.0,theatre,0.7742134928703308,0.0,0.0,0.0,0.0,0.0,0.0,0.0,0.0,0.0,0.0,0.0,0.0,0.0,0.0,0.0,0.0,0.0,0.0,0.0,0.0,0.0,0.0,0.0,0.0,0.0,0.0,0.0,0.0,0.0,0.0,0.0,0.0,0.0,0.0,0.0,0.0,0.0,0.6468395590782166,0.0,0.0,0.0,0.0,0.0,0.0,0.0,0.0
75,0.9844756126403809,0.9545945525169373,0.8932870030403137,0.626147449016571,0.846464216709137,0.7918703556060791,0.9530767798423767,0.7801361680030823,0.7857622504234314,0.8366748094558716,0.6385328769683838,0.6866051554679871,0.0,0.0,0.6942336559295654,0.7236783504486084,0.6701122522354126,0.5513887405395508,0.6370867490768433,0.0,0.6078410148620605,0.6841774582862854,0.5569149851799011,0.0,0.0,0.5027645230293274,0.575288712978363,0.0,0.0,0.7513442039489746,0.0,0.0,0.0,0.0,0.0,0.0,theatre,0.6911919713020325,0.0,0.0,0.0,0.0,0.0,0.0,0.0,0.8510708212852478,0.0,0.0,0.0,0.0,0.0,0.0,0.0,0.0,0.0,0.0,0.0,0.0,0.0,0.0,0.0,0.0,0.0,0.0,0.0,0.0,0.0,0.0,0.0,0.0,0.0,0.0,0.0,0.0,0.0,0.6824799180030823,0.0,0.0,0.0,0.0,0.0,0.0,0.0,0.0
